date,return,close
2014-01-02,-0.003454,2321.978
2014-01-03,-0.013435999999999998,2290.779
2014-01-06,-0.022761999999999998,2238.637
2014-01-07,-0.000284,2238.001
2014-01-08,0.0017469999999999999,2241.911
2014-01-09,-0.008783,2222.221
2014-01-10,-0.007817,2204.851
2014-01-13,-0.005067,2193.679
2014-01-14,0.008737,2212.846
2014-01-15,-0.0017649999999999999,2208.941
2014-01-16,0.0013139999999999998,2211.844
2014-01-17,-0.015081,2178.488
2014-01-20,-0.005736,2165.993
2014-01-21,0.009888000000000001,2187.41
2014-01-22,0.025778,2243.796
2014-01-23,-0.005306999999999999,2231.889
2014-01-24,0.006178,2245.678
2014-01-27,-0.013252,2215.919
2014-01-28,0.001776,2219.855
2014-01-29,0.0035709999999999995,2227.781
2014-01-30,-0.011371,2202.45
2014-02-07,0.004555,2212.483
2014-02-10,0.024882,2267.534
2014-02-11,0.00795,2285.562
2014-02-12,0.002487,2291.246
2014-02-13,-0.005103,2279.554
2014-02-14,0.0070279999999999995,2295.575
2014-02-17,0.007000999999999999,2311.647
2014-02-18,-0.012634000000000001,2282.442
2014-02-19,0.011485,2308.656
2014-02-20,-0.009191,2287.436
2014-02-21,-0.010117000000000001,2264.294
2014-02-24,-0.021987,2214.509
2014-02-25,-0.025559,2157.909
2014-02-26,0.002547,2163.405
2014-02-27,-0.0042970000000000005,2154.108
2014-02-28,0.011541999999999998,2178.971
2014-03-03,0.005231,2190.37
2014-03-04,-0.002784,2184.273
2014-03-05,-0.009292,2163.976
2014-03-06,0.004463,2173.634
2014-03-07,-0.002427,2168.358
2014-03-10,-0.032546,2097.787
2014-03-11,0.005183999999999999,2108.661
2014-03-12,0.002595,2114.134
2014-03-13,0.012392,2140.333
2014-03-14,-0.008175,2122.836
2014-03-17,0.009517,2143.038
2014-03-18,-0.002289,2138.133
2014-03-19,-0.008074,2120.87
2014-03-20,-0.015985,2086.967
2014-03-21,0.034419,2158.798
2014-03-24,0.008225,2176.554
2014-03-25,-0.0009710000000000001,2174.44
2014-03-26,-0.00156,2171.047
2014-03-27,-0.007066,2155.707
2014-03-28,-0.0017360000000000001,2151.965
2014-03-31,-0.00263,2146.305
2014-04-01,0.007832,2163.115
2014-04-02,0.008142,2180.727
2014-04-03,-0.007208,2165.008
2014-04-04,0.009452,2185.472
2014-04-08,0.023722,2237.316
2014-04-09,0.000583,2238.62
2014-04-10,0.015698,2273.761
2014-04-11,-0.001361,2270.666
2014-04-14,-0.000904,2268.613
2014-04-15,-0.017257,2229.463
2014-04-16,0.001374,2232.526
2014-04-17,-0.003459,2224.803
2014-04-18,-0.000146,2224.479
2014-04-21,-0.016737,2187.248
2014-04-22,0.004365,2196.795
2014-04-23,-0.000968,2194.668
2014-04-24,-0.001911,2190.474
2014-04-25,-0.010339000000000001,2167.826
2014-04-28,-0.015157,2134.969
2014-04-29,0.011008,2158.47
2014-04-30,8.800000000000001e-05,2158.659
2014-05-05,-0.0010140000000000001,2156.47
2014-05-06,0.000398,2157.328
2014-05-07,-0.009276,2137.316
2014-05-08,-0.000852,2135.496
2014-05-09,-0.000742,2133.911
2014-05-12,0.021623999999999997,2180.054
2014-05-13,-0.002386,2174.852
2014-05-14,-0.00114,2172.372
2014-05-15,-0.013022,2144.084
2014-05-16,0.0008709999999999999,2145.952
2014-05-19,-0.014357,2115.143
2014-05-20,0.000297,2115.771
2014-05-21,0.009516,2135.905
2014-05-22,-0.0023580000000000003,2130.868
2014-05-23,0.008234,2148.414
2014-05-26,0.0035199999999999997,2155.976
2014-05-27,-0.004033,2147.28
2014-05-28,0.010279,2169.352
2014-05-29,-0.006540000000000001,2155.164
2014-05-30,0.000603,2156.464
2014-06-03,-0.0030359999999999996,2149.918
2014-06-04,-0.010067,2128.274
2014-06-05,0.010490999999999999,2150.602
2014-06-06,-0.007387,2134.716
2014-06-09,-0.00020400000000000003,2134.281
2014-06-10,0.012645,2161.268
2014-06-11,-0.00023199999999999997,2160.766
2014-06-12,-0.003404,2153.41
2014-06-13,0.010603,2176.242
2014-06-16,0.007174000000000001,2191.855
2014-06-17,-0.01012,2169.674
2014-06-18,-0.0043490000000000004,2160.239
2014-06-19,-0.01543,2126.907
2014-06-20,0.004618,2136.729
2014-06-23,-0.001226,2134.11
2014-06-24,0.005019,2144.821
2014-06-25,-0.005338000000000001,2133.371
2014-06-26,0.007362,2149.076
2014-06-27,0.00055,2150.258
2014-06-30,0.0069110000000000005,2165.118
2014-07-01,-0.000258,2164.559
2014-07-02,0.002914,2170.867
2014-07-03,0.0042959999999999995,2180.192
2014-07-04,-0.000687,2178.695
2014-07-07,-0.001104,2176.289
2014-07-08,0.001923,2180.473
2014-07-09,-0.014567000000000002,2148.71
2014-07-10,-0.0027289999999999997,2142.847
2014-07-11,0.002409,2148.009
2014-07-14,0.011056,2171.758
2014-07-15,0.001482,2174.976
2014-07-16,-0.001889,2170.868
2014-07-17,-0.006357000000000001,2157.068
2014-07-18,0.00328,2164.144
2014-07-21,0.000994,2166.295
2014-07-22,0.012188000000000001,2192.698
2014-07-23,0.002342,2197.833
2014-07-24,0.017828,2237.015
2014-07-25,0.010478000000000001,2260.454
2014-07-28,0.028066,2323.897
2014-07-29,0.003215,2331.369
2014-07-30,-0.004014,2322.011
2014-07-31,0.012162,2350.251
2014-08-01,-0.008871,2329.402
2014-08-04,0.019841,2375.62
2014-08-05,-0.0026379999999999997,2369.353
2014-08-06,-0.0025879999999999996,2363.221
2014-08-07,-0.015134000000000002,2327.457
2014-08-08,0.00158,2331.134
2014-08-11,0.014677,2365.349
2014-08-12,-0.003508,2357.052
2014-08-13,0.000784,2358.901
2014-08-14,-0.009732,2335.945
2014-08-15,0.01057,2360.635
2014-08-18,0.0059,2374.562
2014-08-19,8.7e-05,2374.768
2014-08-20,-0.003633,2366.14
2014-08-21,-0.005028,2354.244
2014-08-22,0.004723,2365.364
2014-08-25,-0.009513,2342.863
2014-08-26,-0.008012,2324.092
2014-08-27,0.001507,2327.595
2014-08-28,-0.00701,2311.278
2014-08-29,0.011686,2338.287
2014-09-01,0.0072829999999999995,2355.317
2014-09-02,0.013222000000000001,2386.46
2014-09-03,0.009377,2408.838
2014-09-04,0.007218,2426.224
2014-09-05,0.009494,2449.259
2014-09-09,-0.001647,2445.224
2014-09-10,-0.005231,2432.433
2014-09-11,-0.003691,2423.454
2014-09-12,0.00615,2438.358
2014-09-15,-0.000479,2437.189
2014-09-16,-0.019869,2388.765
2014-09-17,0.0052580000000000005,2401.326
2014-09-18,0.0030559999999999997,2408.664
2014-09-19,0.00687,2425.211
2014-09-22,-0.019087,2378.92
2014-09-23,0.008635,2399.462
2014-09-24,0.017671,2441.864
2014-09-25,-0.002006,2436.965
2014-09-26,9.7e-05,2437.201
2014-09-29,0.004348,2447.799
2014-09-30,0.001303,2450.988
2014-10-08,0.011177,2478.383
2014-10-09,0.001441,2481.955
2014-10-10,-0.006111,2466.789
2014-10-13,-0.004801000000000001,2454.946
2014-10-14,-0.003415,2446.562
2014-10-15,0.007076,2463.874
2014-10-16,-0.007906,2444.395
2014-10-17,-0.001089,2441.732
2014-10-20,0.005314999999999999,2454.711
2014-10-21,-0.008685,2433.391
2014-10-22,-0.006062,2418.641
2014-10-23,-0.009388,2395.936
2014-10-24,-0.002183,2390.706
2014-10-27,-0.00915,2368.832
2014-10-28,0.020188,2416.653
2014-10-29,0.014372000000000001,2451.384
2014-10-30,0.007156,2468.925
2014-10-31,0.015958,2508.325
2014-11-03,0.001684,2512.548
2014-11-04,0.000248,2513.172
2014-11-05,-0.003869,2503.448
2014-11-06,0.001046,2506.067
2014-11-07,-0.001562,2502.153
2014-11-10,0.025409,2565.73
2014-11-11,-0.002774,2558.612
2014-11-12,0.013955,2594.318
2014-11-13,-0.005615,2579.75
2014-11-14,0.000521,2581.093
2014-11-17,-0.0054210000000000005,2567.101
2014-11-18,-0.010005,2541.416
2014-11-19,-0.00165,2537.223
2014-11-20,-4.9e-05,2537.099
2014-11-21,0.018271,2583.455
2014-11-24,0.025471,2649.258
2014-11-25,0.013703,2685.561
2014-11-26,0.013948,2723.018
2014-11-27,0.011557999999999999,2754.49
2014-11-28,0.019724,2808.819
2014-12-01,0.003914,2819.812
2014-12-02,0.036927,2923.94
2014-12-03,0.014914,2967.549
2014-12-04,0.046098999999999994,3104.351
2014-12-05,0.006614999999999999,3124.885
2014-12-08,0.04096,3252.881
2014-12-09,-0.044873,3106.913
2014-12-10,0.036896,3221.546
2014-12-11,-0.011961,3183.012
2014-12-12,0.003209,3193.227
2014-12-15,0.007516,3217.228
2014-12-16,0.026785,3303.402
2014-12-17,0.017314,3360.598
2014-12-18,-0.004366,3345.927
2014-12-19,0.01113,3383.167
2014-12-22,0.0033439999999999998,3394.481
2014-12-23,-0.020491000000000002,3324.924
2014-12-24,-0.028433,3230.385
2014-12-25,0.032514,3335.419
2014-12-26,0.033105,3445.839
2014-12-29,0.002791,3455.455
2014-12-30,0.000607,3457.554
2014-12-31,0.022025000000000003,3533.705
2015-01-05,0.030516,3641.541
2015-01-06,-0.000132,3641.059
2015-01-07,0.00075,3643.79
2015-01-08,-0.023199,3559.259
2015-01-09,-0.003522,3546.723
2015-01-12,-0.009346,3513.576
2015-01-13,0.000132,3514.04
2015-01-14,-0.003306,3502.423
2015-01-15,0.029036,3604.121
2015-01-16,0.008608,3635.146
2015-01-19,-0.07702300000000001,3355.155
2015-01-20,0.01224,3396.222
2015-01-21,0.044951,3548.885
2015-01-22,0.005277,3567.613
2015-01-23,0.001155,3571.732
2015-01-26,0.01015,3607.985
2015-01-27,-0.009161,3574.931
2015-01-28,-0.013876999999999999,3525.323
2015-01-29,-0.012346,3481.798
2015-01-30,-0.013616,3434.39
2015-02-02,-0.023419,3353.96
2015-02-03,0.024891,3437.445
2015-02-04,-0.010379000000000001,3401.768
2015-02-05,-0.010236,3366.946
2015-02-06,-0.016194,3312.42
2015-02-09,0.010114000000000001,3345.921
2015-02-10,0.018238,3406.943
2015-02-11,0.007977999999999999,3434.124
2015-02-12,0.0025480000000000004,3442.874
2015-02-13,0.007829000000000001,3469.828
2015-02-16,0.008547,3499.483
2015-02-17,0.006526,3522.322
2015-02-25,-0.012376,3478.729
2015-02-26,0.025172,3566.295
2015-02-27,0.0018360000000000002,3572.843
2015-03-02,0.007955,3601.265
2015-03-03,-0.025926,3507.9
2015-03-04,0.006534,3530.822
2015-03-05,-0.009765000000000001,3496.344
2015-03-06,-0.005098,3478.52
2015-03-09,0.017027,3537.75
2015-03-10,-0.0048449999999999995,3520.611
2015-03-11,0.001148,3524.653
2015-03-12,0.019347,3592.844
2015-03-13,0.006906,3617.657
2015-03-16,0.024329,3705.671
2015-03-17,0.013884,3757.122
2015-03-18,0.023671,3846.055
2015-03-19,-0.0016420000000000002,3839.739
2015-03-20,0.01376,3892.574
2015-03-23,0.020419999999999997,3972.061
2015-03-24,0.000248,3973.046
2015-03-25,-0.008214,3940.412
2015-03-26,0.002433,3949.999
2015-03-27,0.0054930000000000005,3971.697
2015-03-30,0.029328,4088.178
2015-03-31,-0.009044,4051.204
2015-04-01,0.017943,4123.895
2015-04-02,0.000214,4124.776
2015-04-03,0.011094,4170.538
2015-04-07,0.021461,4260.044
2015-04-08,0.008394,4295.803
2015-04-09,-0.007837,4262.138
2015-04-10,0.019303999999999998,4344.416
2015-04-13,0.017645,4421.073
2015-04-14,0.00387,4438.184
2015-04-15,-0.012994,4380.513
2015-04-16,0.030369,4513.546
2015-04-17,0.018298000000000002,4596.136
2015-04-20,-0.016148,4521.919
2015-04-21,0.021505,4619.164
2015-04-22,0.026119,4739.814
2015-04-23,0.00022700000000000002,4740.892
2015-04-24,-0.008067999999999999,4702.641
2015-04-27,0.022317,4807.592
2015-04-28,-0.013672,4741.861
2015-04-29,0.006846,4774.326
2015-04-30,-0.005119,4749.886
2015-05-04,0.00797,4787.741
2015-05-05,-0.039874,4596.837
2015-05-06,-0.009465,4553.327
2015-05-07,-0.018281000000000002,4470.089
2015-05-08,0.019757,4558.404
2015-05-11,0.028986,4690.532
2015-05-12,0.012128000000000002,4747.421
2015-05-13,-0.006105,4718.436
2015-05-14,-0.0037419999999999997,4700.778
2015-05-15,-0.017722,4617.47
2015-05-18,-0.009167,4575.14
2015-05-19,0.034115,4731.222
2015-05-20,0.005009,4754.919
2015-05-21,0.018099,4840.976
2015-05-22,0.022797,4951.335
2015-05-25,0.029923,5099.495
2015-05-26,0.019497,5198.918
2015-05-27,-0.0033629999999999997,5181.434
2015-05-28,-0.067052,4834.007
2015-05-29,0.001411,4840.829
2015-06-01,0.048617999999999995,5076.179
2015-06-02,0.016881,5161.87
2015-06-03,-0.0035410000000000003,5143.59
2015-06-04,0.007354,5181.416
2015-06-05,0.009483,5230.552
2015-06-08,0.023554,5353.751
2015-06-09,-0.006777999999999999,5317.461
2015-06-10,-0.00157,5309.112
2015-06-11,-0.000475,5306.59
2015-06-12,0.005375,5335.115
2015-06-15,-0.021358000000000002,5221.167
2015-06-16,-0.029945,5064.821
2015-06-17,0.014613000000000001,5138.831
2015-06-18,-0.040531,4930.549
2015-06-19,-0.059526,4637.052
2015-06-23,0.032141,4786.091
2015-06-24,0.019648000000000002,4880.126
2015-06-25,-0.035575,4706.516
2015-06-26,-0.078683,4336.195
2015-06-29,-0.033358,4191.549
2015-06-30,0.067147,4472.998
2015-07-01,-0.049179,4253.021
2015-07-02,-0.034099,4107.996
2015-07-03,-0.05406,3885.917
2015-07-06,0.028982,3998.537
2015-07-07,-0.01764,3928.003
2015-07-08,-0.067455,3663.038
2015-07-09,0.064042,3897.626
2015-07-10,0.053604000000000006,4106.556
2015-07-13,0.025631,4211.812
2015-07-14,-0.023663,4112.149
2015-07-15,-0.035356,3966.759
2015-07-16,0.007713,3997.356
2015-07-17,0.03856,4151.496
2015-07-20,0.002196,4160.612
2015-07-21,0.0012959999999999998,4166.006
2015-07-22,-0.002123,4157.16
2015-07-23,0.022526,4250.805
2015-07-24,-0.017532000000000002,4176.279
2015-07-27,-0.08561400000000001,3818.731
2015-07-28,-0.002,3811.093
2015-07-29,0.0313,3930.379
2015-07-30,-0.029251,3815.412
2015-07-31,0.000337,3816.699
2015-08-03,0.003285,3829.235
2015-08-04,0.031056,3948.155
2015-08-05,-0.020579999999999998,3866.9
2015-08-06,-0.009064,3831.852
2015-08-07,0.019597,3906.945
2015-08-10,0.045411,4084.365
2015-08-11,-0.004333,4066.669
2015-08-12,-0.012428999999999999,4016.126
2015-08-13,0.014775,4075.463
2015-08-14,-0.000472,4073.54
2015-08-17,0.0010630000000000001,4077.872
2015-08-18,-0.06191,3825.412
2015-08-19,0.015874,3886.136
2015-08-20,-0.032084,3761.454
2015-08-21,-0.045705,3589.536
2015-08-24,-0.087477,3275.534
2015-08-25,-0.071013,3042.927
2015-08-26,-0.005664,3025.692
2015-08-27,0.059473000000000005,3205.638
2015-08-28,0.042627,3342.286
2015-08-31,0.007256,3366.536
2015-09-01,-0.001323,3362.083
2015-09-02,0.001115,3365.832
2015-09-07,-0.03427,3250.485
2015-09-08,0.025699999999999997,3334.023
2015-09-09,0.019581,3399.305
2015-09-10,-0.01228,3357.561
2015-09-11,-0.003089,3347.188
2015-09-14,-0.019735,3281.132
2015-09-15,-0.039285,3152.232
2015-09-16,0.049810999999999994,3309.248
2015-09-17,-0.021831999999999997,3236.999
2015-09-18,0.00441,3251.273
2015-09-21,0.017523999999999998,3308.247
2015-09-22,0.009305,3339.03
2015-09-23,-0.022761999999999998,3263.028
2015-09-24,0.006733,3284.999
2015-09-25,-0.016149,3231.951
2015-09-28,0.003342,3242.752
2015-09-29,-0.019705,3178.854
2015-09-30,0.007579,3202.948
2015-10-08,0.029202,3296.482
2015-10-09,0.013237,3340.116
2015-10-12,0.032208,3447.693
2015-10-13,-0.0007689999999999999,3445.043
2015-10-14,-0.011301,3406.112
2015-10-15,0.023694000000000003,3486.815
2015-10-16,0.013551,3534.065
2015-10-19,3.3e-05,3534.182
2015-10-20,0.012314,3577.703
2015-10-21,-0.029194,3473.254
2015-10-22,0.014764,3524.534
2015-10-23,0.013252,3571.241
2015-10-26,0.005046,3589.261
2015-10-27,0.001008,3592.879
2015-10-28,-0.018915,3524.92
2015-10-29,0.002379,3533.307
2015-10-30,0.00021799999999999999,3534.079
2015-11-02,-0.016445,3475.962
2015-11-03,-0.0030120000000000004,3465.493
2015-11-04,0.047048,3628.538
2015-11-05,0.021339999999999998,3705.97
2015-11-06,0.023585,3793.374
2015-11-09,0.012385,3840.355
2015-11-10,-0.0018529999999999998,3833.238
2015-11-11,0.000106,3833.646
2015-11-12,-0.009996,3795.324
2015-11-13,-0.012931999999999999,3746.242
2015-11-16,0.004774,3764.126
2015-11-17,-0.0015249999999999999,3758.387
2015-11-18,-0.01139,3715.58
2015-11-19,0.015984,3774.969
2015-11-20,-0.000155,3774.383
2015-11-23,-0.0055769999999999995,3753.335
2015-11-24,0.00014800000000000002,3753.889
2015-11-25,0.007383999999999999,3781.607
2015-11-26,-0.005865,3759.429
2015-11-27,-0.053848,3556.992
2015-11-30,0.0026479999999999997,3566.412
2015-12-01,0.007089,3591.696
2015-12-02,0.036267,3721.955
2015-12-03,0.007347,3749.299
2015-12-04,-0.019125,3677.592
2015-12-07,0.0027229999999999997,3687.607
2015-12-08,-0.017515,3623.02
2015-12-09,0.0035659999999999997,3635.938
2015-12-10,-0.003535,3623.084
2015-12-11,-0.0041470000000000005,3608.059
2015-12-14,0.02862,3711.322
2015-12-15,-0.004563,3694.389
2015-12-16,-0.002422,3685.44
2015-12-17,0.019115,3755.888
2015-12-18,0.003202,3767.913
2015-12-21,0.026023,3865.965
2015-12-22,0.002785,3876.733
2015-12-23,-0.00267,3866.381
2015-12-24,-0.009564,3829.402
2015-12-25,0.002298,3838.201
2015-12-28,-0.028807999999999997,3727.632
2015-12-29,0.009186,3761.875
2015-12-30,0.000877,3765.175
2015-12-31,-0.009075,3731.005
2016-01-04,-0.070206,3469.066
2016-01-05,0.0028000000000000004,3478.78
2016-01-06,0.017543,3539.808
2016-01-07,-0.069333,3294.3839
2016-01-08,0.020392,3361.563
2016-01-11,-0.050308,3192.45
2016-01-12,0.007286,3215.71
2016-01-13,-0.018606,3155.879
2016-01-14,0.020815999999999998,3221.571
2016-01-15,-0.031923,3118.73
2016-01-18,0.0038469999999999997,3130.729
2016-01-19,0.029512999999999998,3223.125
2016-01-20,-0.015124,3174.378
2016-01-21,-0.029307,3081.345
2016-01-22,0.010423,3113.463
2016-01-25,0.004954,3128.886
2016-01-26,-0.060206,2940.509
2016-01-27,-0.003454,2930.352
2016-01-28,-0.026139000000000003,2853.756
2016-01-29,0.032355,2946.09
2016-02-01,-0.015288999999999999,2901.048
2016-02-02,0.020781,2961.334
2016-02-03,-0.004287,2948.639
2016-02-04,0.01225,2984.76
2016-02-05,-0.007026,2963.789
2016-02-15,-0.005764,2946.707
2016-02-16,0.030654,3037.035
2016-02-17,0.008655000000000001,3063.32
2016-02-18,-0.0031409999999999997,3053.699
2016-02-19,-0.000692,3051.585
2016-02-22,0.022049,3118.868
2016-02-23,-0.00946,3089.363
2016-02-24,0.006533,3109.545
2016-02-25,-0.061357999999999996,2918.75
2016-02-26,0.010032000000000001,2948.031
2016-02-29,-0.023936000000000002,2877.467
2016-03-01,0.018498,2930.694
2016-03-02,0.041164,3051.333
2016-03-03,0.002323,3058.422
2016-03-04,0.011597,3093.89
2016-03-07,0.003539,3104.84
2016-03-08,0.000912,3107.673
2016-03-09,-0.011509,3071.907
2016-03-10,-0.019129,3013.146
2016-03-11,0.0017050000000000001,3018.284
2016-03-14,0.015706,3065.69
2016-03-15,0.0029649999999999998,3074.78
2016-03-16,0.004961,3090.033
2016-03-17,0.011057999999999998,3124.204
2016-03-18,0.015287,3171.963
2016-03-21,0.024425,3249.437
2016-03-22,-0.0072770000000000005,3225.79
2016-03-23,0.0031940000000000002,3236.092
2016-03-24,-0.016760999999999998,3181.851
2016-03-25,0.005018,3197.817
2016-03-28,-0.008784,3169.728
2016-03-29,-0.010827,3135.41
2016-03-30,0.025790999999999998,3216.275
2016-03-31,0.0005639999999999999,3218.088
2016-04-01,0.001183,3221.895
2016-04-05,0.013219000000000002,3264.486
2016-04-06,-0.002131,3257.528
2016-04-07,-0.014807999999999998,3209.29
2016-04-08,-0.007342,3185.726
2016-04-11,0.013928000000000001,3230.096
2016-04-12,-0.0036049999999999997,3218.45
2016-04-13,0.013340000000000001,3261.383
2016-04-14,0.00443,3275.832
2016-04-15,-0.0011070000000000001,3272.205
2016-04-18,-0.013371,3228.453
2016-04-19,0.003051,3238.303
2016-04-20,-0.017686999999999998,3181.026
2016-04-21,-0.00642,3160.603
2016-04-22,0.004524,3174.901
2016-04-25,-0.004053,3162.033
2016-04-26,0.005417,3179.161
2016-04-27,-0.004166,3165.916
2016-04-28,-0.001685,3160.581
2016-04-29,-0.001214,3156.745
2016-05-03,0.017991999999999998,3213.54
2016-05-04,-0.0012690000000000002,3209.461
2016-05-05,0.001389,3213.92
2016-05-06,-0.026001,3130.354
2016-05-09,-0.020680999999999998,3065.615
2016-05-10,0.0011409999999999999,3069.112
2016-05-11,0.004463,3082.808
2016-05-12,0.0023769999999999998,3090.137
2016-05-13,-0.00492,3074.935
2016-05-16,0.006626,3095.308
2016-05-17,-0.002999,3086.024
2016-05-18,-0.005829,3068.035
2016-05-19,-0.001804,3062.5
2016-05-20,0.005132,3078.218
2016-05-23,0.0029249999999999996,3087.222
2016-05-24,-0.007665999999999999,3063.5556
2016-05-25,-0.0014130000000000002,3059.2259
2016-05-26,0.0016300000000000002,3064.211
2016-05-27,-0.000559,3062.499
2016-05-30,0.0013750000000000001,3066.709
2016-05-31,0.033538,3169.559
2016-06-01,-0.002843,3160.547
2016-06-02,0.002073,3167.099
2016-06-03,0.007018,3189.325
2016-06-06,-0.003304,3178.788
2016-06-07,-0.000546,3177.053
2016-06-08,-0.004113,3163.986
2016-06-13,-0.030861,3066.341
2016-06-14,0.003144,3075.983
2016-06-15,0.013129,3116.368
2016-06-16,-0.006961,3094.674
2016-06-17,0.0050680000000000005,3110.357
2016-06-20,0.000745,3112.674
2016-06-21,-0.002042,3106.317
2016-06-22,0.008899,3133.961
2016-06-23,-0.005311,3117.316
2016-06-24,-0.012883,3077.155
2016-06-27,0.0141,3120.544
2016-06-28,0.005081,3136.401
2016-06-29,0.004779,3151.389
2016-06-30,0.000803,3153.921
2016-07-01,8.800000000000001e-05,3154.2
2016-07-04,0.016009,3204.696
2016-07-05,0.000838,3207.382
2016-07-06,0.0029370000000000004,3216.803
2016-07-07,-0.0021290000000000002,3209.954
2016-07-08,-0.005506,3192.28
2016-07-11,0.003461,3203.329
2016-07-12,0.021806000000000002,3273.182
2016-07-13,0.002959,3282.868
2016-07-14,-0.0018599999999999999,3276.763
2016-07-15,-0.00014800000000000002,3276.277
2016-07-18,-0.004351,3262.022
2016-07-19,-0.004227,3248.234
2016-07-20,-0.0032719999999999997,3237.605
2016-07-21,0.004607,3252.522
2016-07-22,-0.008412,3225.162
2016-07-25,0.001774,3230.885
2016-07-26,0.011979,3269.588
2016-07-27,-0.015704,3218.243
2016-07-28,0.000899,3221.136
2016-07-29,-0.005342,3203.93
2016-08-01,-0.008465,3176.809
2016-08-02,0.0038540000000000002,3189.052
2016-08-03,0.0013969999999999998,3193.507
2016-08-04,0.002437,3201.288
2016-08-05,0.001194,3205.11
2016-08-08,0.009071000000000001,3234.183
2016-08-09,0.007049,3256.981
2016-08-10,-0.004188,3243.34
2016-08-11,-0.003077,3233.36
2016-08-12,0.018827,3294.233
2016-08-15,0.03011,3393.423
2016-08-16,-0.0044729999999999995,3378.245
2016-08-17,-0.001539,3373.047
2016-08-18,-0.0025380000000000003,3364.485
2016-08-19,0.00015900000000000002,3365.019
2016-08-22,-0.008388,3336.794
2016-08-23,0.0015090000000000001,3341.829
2016-08-24,-0.0035809999999999995,3329.863
2016-08-25,-0.006273999999999999,3308.972
2016-08-26,-0.000569,3307.09
2016-08-29,0.00020899999999999998,3307.781
2016-08-30,0.0012720000000000001,3311.987
2016-08-31,0.004772,3327.793
2016-09-01,-0.007878,3301.576
2016-09-02,0.003798,3314.114
2016-09-05,0.001679,3319.68
2016-09-06,0.006912000000000001,3342.625
2016-09-07,-0.000541,3340.817
2016-09-08,-0.000375,3339.564
2016-09-09,-0.006444,3318.044
2016-09-12,-0.016709,3262.604
2016-09-13,-0.000696,3260.333
2016-09-14,-0.006626,3238.729
2016-09-19,0.007532,3263.124
2016-09-20,-0.0017530000000000002,3257.403
2016-09-21,0.0028339999999999997,3266.636
2016-09-22,0.007495000000000001,3291.121
2016-09-23,-0.0046960000000000005,3275.666
2016-09-26,-0.016907000000000002,3220.283
2016-09-27,0.006357000000000001,3240.754
2016-09-28,-0.003044,3230.89
2016-09-29,0.004177,3244.387
2016-09-30,0.002742,3253.284
2016-10-10,0.012475,3293.868
2016-10-11,0.003852,3306.557
2016-10-12,-0.00198,3300.009
2016-10-13,0.000799,3302.645
2016-10-14,0.00097,3305.848
2016-10-17,-0.008461,3277.878
2016-10-18,0.013257000000000001,3321.332
2016-10-19,-0.0015329999999999999,3316.24
2016-10-20,0.000713,3318.604
2016-10-21,0.002753,3327.74
2016-10-24,0.011971,3367.577
2016-10-25,-3.7000000000000005e-05,3367.454
2016-10-26,-0.003758,3354.8
2016-10-27,-0.002714,3345.695
2016-10-28,-0.001665,3340.126
2016-10-31,-0.001152,3336.278
2016-11-01,0.006826,3359.052
2016-11-02,-0.007651,3333.352
2016-11-03,0.009519999999999999,3365.085
2016-11-04,-0.003242,3354.175
2016-11-07,0.000721,3356.592
2016-11-08,0.004328,3371.118
2016-11-09,-0.005358000000000001,3353.055
2016-11-10,0.011201000000000001,3390.612
2016-11-11,0.007848,3417.221
2016-11-14,0.003812,3430.248
2016-11-15,-0.00010999999999999999,3429.87
2016-11-16,-8.099999999999999e-05,3429.592
2016-11-17,0.0020239999999999998,3436.535
2016-11-18,-0.0055520000000000005,3417.455
2016-11-21,0.006922,3441.111
2016-11-22,0.00792,3468.364
2016-11-23,0.001835,3474.729
2016-11-24,0.004032,3488.74
2016-11-25,0.009332,3521.298
2016-11-28,0.003914,3535.081
2016-11-29,0.008192,3564.04
2016-11-30,-0.007306,3538.001
2016-12-01,0.007641,3565.036
2016-12-02,-0.010121,3528.955
2016-12-05,-0.016874,3469.407
2016-12-06,-0.002956,3459.153
2016-12-07,0.004797,3475.747
2016-12-08,-0.0016120000000000002,3470.143
2016-12-09,0.006788,3493.7
2016-12-12,-0.024192,3409.179
2016-12-13,-0.001215,3405.036
2016-12-14,-0.0076619999999999995,3378.945
2016-12-15,-0.011397,3340.434
2016-12-16,0.001676,3346.031
2016-12-19,-0.005095,3328.9827
2016-12-20,-0.0059830000000000005,3309.0641
2016-12-21,0.008905999999999999,3338.536
2016-12-22,-0.000858,3335.672
2016-12-23,-0.008416,3307.5991
2016-12-26,0.004475,3322.4006
2016-12-27,-0.0018110000000000001,3316.3852
2016-12-28,-0.004371,3301.8887
2016-12-29,-0.001249,3297.7648
2016-12-30,0.003735,3310.0808
2017-01-03,0.009712,3342.2272
2017-01-04,0.0078049999999999994,3368.3117
2017-01-05,-0.000155,3367.7892
2017-01-06,-0.005975,3347.6665
2017-01-09,0.00485,3363.9014
2017-01-10,-0.001674,3358.2716
2017-01-11,-0.0070799999999999995,3334.4954
2017-01-12,-0.00506,3317.6241
2017-01-13,0.0006900000000000001,3319.9122
2017-01-16,-0.00014099999999999998,3319.4455
2017-01-17,0.002082,3326.3563
2017-01-18,0.003911,3339.3653
2017-01-19,-0.003017,3329.2891
2017-01-20,0.0076890000000000005,3354.8891
2017-01-23,0.0027400000000000002,3364.0808
2017-01-24,0.00010999999999999999,3364.4509
2017-01-25,0.003404,3375.9042
2017-01-26,0.0035709999999999995,3387.9606
2017-02-03,-0.006927,3364.4923
2017-02-06,0.0025900000000000003,3373.2051
2017-02-07,-0.002229,3365.6849
2017-02-08,0.00523,3383.2878
2017-02-09,0.003844,3396.2924
2017-02-10,0.005063,3413.4868
2017-02-13,0.006676,3436.275
2017-02-14,-0.000137,3435.8042
2017-02-15,-0.0041010000000000005,3421.7131
2017-02-16,0.005617,3440.9331
2017-02-17,-0.005665,3421.4419
2017-02-20,0.014598999999999999,3471.3926
2017-02-21,0.003293,3482.823
2017-02-22,0.001991,3489.7567
2017-02-23,-0.004709,3473.3236
2017-02-24,0.000152,3473.8517
2017-02-27,-0.007953,3446.2228
2017-02-28,0.001912,3452.8103
2017-03-01,0.0016300000000000002,3458.4376
2017-03-02,-0.006749000000000001,3435.0963
2017-03-03,-0.0021060000000000002,3427.8628
2017-03-06,0.005432,3446.484
2017-03-07,0.002168,3453.9565
2017-03-08,-0.0015129999999999998,3448.7313
2017-03-09,-0.006318000000000001,3426.9438
2017-03-10,0.000277,3427.8916
2017-03-13,0.008812,3458.098
2017-03-14,-0.00040599999999999995,3456.6934
2017-03-15,0.002011,3463.6436
2017-03-16,0.005157,3481.5066
2017-03-17,-0.010255,3445.8051
2017-03-20,0.001105,3449.6126
2017-03-21,0.004850999999999999,3466.3468
2017-03-22,-0.004701,3450.0502
2017-03-23,0.003457,3461.9782
2017-03-24,0.007979,3489.5997
2017-03-27,-0.003313,3478.0385
2017-03-28,-0.002366,3469.8093
2017-03-29,-0.00133,3465.1933
2017-03-30,-0.008206,3436.758
2017-03-31,0.005612000000000001,3456.0455
2017-04-05,0.013845000000000001,3503.8932
2017-04-06,0.002898,3514.0469
2017-04-07,0.000972,3517.4634
2017-04-10,-0.0035039999999999997,3505.1392
2017-04-11,0.003477,3517.328
2017-04-12,-0.002243,3509.4387
2017-04-13,0.001461,3514.5662
2017-04-14,-0.007984,3486.5045
2017-04-17,-0.001882,3479.9417
2017-04-18,-0.004941999999999999,3462.7429
2017-04-19,-0.0048709999999999995,3445.8761
2017-04-20,0.004548,3461.5481
2017-04-21,0.0015129999999999998,3466.7865
2017-04-24,-0.010248,3431.2587
2017-04-25,0.002831,3440.9743
2017-04-26,0.0012230000000000001,3445.1832
2017-04-27,0.000446,3446.7202
2017-04-28,-0.0020210000000000002,3439.753
2017-05-02,-0.0038309999999999998,3426.5766
2017-05-03,-0.0039250000000000005,3413.1282
2017-05-04,-0.002561,3404.3864
2017-05-05,-0.0064139999999999996,3382.5502
2017-05-08,-0.007018,3358.8125
2017-05-09,-0.00187,3352.5324
2017-05-10,-0.004424,3337.7007
2017-05-11,0.005676,3356.6459
2017-05-12,0.00856,3385.3787
2017-05-15,0.004081,3399.1937
2017-05-16,0.008665,3428.6491
2017-05-17,-0.005449000000000001,3409.9656
2017-05-18,-0.0034760000000000004,3398.1127
2017-05-19,0.001688,3403.8492
2017-05-22,0.0021709999999999998,3411.2387
2017-05-23,0.003798,3424.194
2017-05-24,-8e-06,3424.1669
2017-05-25,0.017958000000000002,3485.6581
2017-05-26,-0.0014990000000000001,3480.4345
2017-05-31,0.0035770000000000003,3492.8845
2017-06-01,0.0013900000000000002,3497.7382
2017-06-02,-0.003211,3486.5074
2017-06-05,-0.005092,3468.7538
2017-06-06,0.006956,3492.8816
2017-06-07,0.011735,3533.8718
2017-06-08,0.007671,3560.9786
2017-06-09,0.004266,3576.1703
2017-06-12,-0.000498,3574.3894
2017-06-13,0.0022040000000000002,3582.2674
2017-06-14,-0.013111,3535.2987
2017-06-15,-0.00184,3528.7926
2017-06-16,-0.002843,3518.7611
2017-06-19,0.009919,3553.6653
2017-06-20,-0.0020180000000000003,3546.494
2017-06-21,0.011691,3587.955
2017-06-22,0.000665,3590.3425
2017-06-23,0.009063,3622.8831
2017-06-26,0.012479,3668.0919
2017-06-27,0.001806,3674.7152
2017-06-28,-0.007769000000000001,3646.1666
2017-06-29,0.006215000000000001,3668.8279
2017-06-30,-0.000553,3666.7977
2017-07-03,-0.00435,3650.8463
2017-07-04,-0.008453,3619.9841
2017-07-05,0.010966,3659.6795
2017-07-06,0.000114,3660.0967
2017-07-07,-0.001139,3655.9293
2017-07-10,-0.000613,3653.6868
2017-07-11,0.004686,3670.8086
2017-07-12,-0.003265,3658.8236
2017-07-13,0.007679,3686.9205
2017-07-14,0.004386999999999999,3703.094
2017-07-17,-0.010677,3663.5575
2017-07-18,0.000989,3667.1807
2017-07-19,0.017061,3729.7466
2017-07-20,0.004863,3747.8843
2017-07-21,-0.0051459999999999995,3728.5976
2017-07-24,0.003988,3743.4686
2017-07-25,-0.006387,3719.559
2017-07-26,-0.00381,3705.3884
2017-07-27,0.001837,3712.1947
2017-07-28,0.0026119999999999997,3721.8914
2017-07-31,0.004294,3737.8732
2017-08-01,0.008697,3770.3828
2017-08-02,-0.0025280000000000003,3760.8525
2017-08-03,-0.008782,3727.8264
2017-08-04,-0.005431,3707.5796
2017-08-07,0.005183,3726.7948
2017-08-08,0.001454,3732.2129
2017-08-09,-0.000313,3731.044
2017-08-10,-0.004053,3715.9208
2017-08-11,-0.018453,3647.3503
2017-08-14,0.012977,3694.6831
2017-08-15,0.003078,3706.0566
2017-08-16,-0.001251,3701.4207
2017-08-17,0.005365,3721.277
2017-08-18,0.0009130000000000001,3724.6748
2017-08-21,0.0043809999999999995,3740.9941
2017-08-22,0.0030220000000000004,3752.298
2017-08-23,0.00101,3756.0884
2017-08-24,-0.005709,3734.6458
2017-08-25,0.016363000000000003,3795.7544
2017-08-28,0.012371,3842.7119
2017-08-29,-0.002127,3834.5376
2017-08-30,-6.2e-05,3834.3005
2017-08-31,-0.003184,3822.0928
2017-09-01,0.00221,3830.5383
2017-09-04,0.003936,3845.6163
2017-09-05,0.0029720000000000002,3857.0464
2017-09-06,-0.00197,3849.4499
2017-09-07,-0.005086,3829.8713
2017-09-08,-0.0010140000000000001,3825.9895
2017-09-11,-8.999999999999999e-05,3825.6453
2017-09-12,0.003212,3837.9341
2017-09-13,0.001217,3842.6061
2017-09-14,-0.003292,3829.9554
2017-09-15,0.00035000000000000005,3831.2965
2017-09-18,0.0030919999999999997,3843.1428
2017-09-19,-0.002869,3832.1161
2017-09-20,0.0026929999999999996,3842.4353
2017-09-21,-0.001202,3837.8176
2017-09-22,-2.3e-05,3837.7304
2017-09-25,-0.005195,3817.7915
2017-09-26,0.000783,3820.7816
2017-09-27,0.00010999999999999999,3821.2
2017-09-28,0.00035000000000000005,3822.5386
2017-09-29,0.003653,3836.5013
2017-10-09,0.011914000000000001,3882.2076
2017-10-10,0.001972,3889.8637
2017-10-11,0.003297,3902.6868
2017-10-12,0.002631,3912.9536
2017-10-13,0.002057,3921.0017
2017-10-16,-0.0019270000000000001,3913.4462
2017-10-17,-9.599999999999999e-05,3913.0688
2017-10-18,0.007946,3944.1626
2017-10-19,-0.0032740000000000004,3931.2495
2017-10-20,-0.001119,3926.852
2017-10-23,0.001005,3930.7981
2017-10-24,0.007275,3959.3953
2017-10-25,0.004433,3976.949
2017-10-26,0.004181000000000001,3993.5752
2017-10-27,0.00711,4021.9676
2017-10-30,-0.003045,4009.7218
2017-10-31,-0.000749,4006.7179
2017-11-01,-0.00252,3996.6221
2017-11-02,0.000128,3997.1343
2017-11-03,-0.00111,3992.6979
2017-11-06,0.007061,4020.8896
2017-11-07,0.008296,4054.2465
2017-11-08,-0.001539,4048.0057
2017-11-09,0.006891,4075.8998
2017-11-10,0.008834999999999999,4111.9112
2017-11-13,0.0039310000000000005,4128.0733
2017-11-14,-0.006958,4099.351
2017-11-15,-0.006265,4073.6696
2017-11-16,0.0076939999999999995,4105.0122
2017-11-17,0.003858,4120.8508
2017-11-20,0.0055769999999999995,4143.8334
2017-11-21,0.017825999999999998,4217.7015
2017-11-22,0.002339,4227.5666
2017-11-23,-0.029608,4102.3966
2017-11-24,0.00043999999999999996,4104.2034
2017-11-27,-0.01322,4049.9475
2017-11-28,0.001451,4055.8235
2017-11-29,-0.000511,4053.7529
2017-11-30,-0.011755,4006.0993
2017-12-01,-0.001988,3998.1365
2017-12-04,0.005183,4018.8571
2017-12-05,0.0053029999999999996,4040.1704
2017-12-06,-0.006027,4015.8211
2017-12-07,-0.011147,3971.0569
2017-12-08,0.008139,4003.3792
2017-12-11,0.016516,4069.4997
2017-12-12,-0.013143,4016.0163
2017-12-13,0.008485,4050.0927
2017-12-14,-0.005911,4026.1516
2017-12-15,-0.01125,3980.8558
2017-12-18,0.001114,3985.2914
2017-12-19,0.012556000000000001,4035.3294
2017-12-20,-0.001199,4030.4898
2017-12-21,0.009269,4067.8485
2017-12-22,-0.003257,4054.5984
2017-12-25,-0.003221,4041.5401
2017-12-26,0.00299,4053.6224
2017-12-27,-0.015397000000000001,3991.2075
2017-12-28,0.006938,4018.8974
2017-12-29,0.0029749999999999998,4030.8549
2018-01-02,0.014028,4087.4012
2018-01-03,0.005869999999999999,4111.3925
2018-01-04,0.004237,4128.8119
2018-01-05,0.002407,4138.7505
2018-01-08,0.005173,4160.1595
2018-01-09,0.007004,4189.2977
2018-01-10,0.00442,4207.8132
2018-01-11,-0.0005290000000000001,4205.5863
2018-01-12,0.004616,4225.001
2018-01-15,5.6e-05,4225.2393
2018-01-16,0.007866,4258.473
2018-01-17,-0.002432,4248.1164
2018-01-18,0.005485,4271.4168
2018-01-19,0.0032719999999999997,4285.395
2018-01-22,0.011948,4336.5974
2018-01-23,0.010610999999999999,4382.6129
2018-01-24,0.0016589999999999999,4389.8853
2018-01-25,-0.005651000000000001,4365.0794
2018-01-26,0.0037159999999999997,4381.2996
2018-01-29,-0.018095,4302.0181
2018-01-30,-0.010672999999999998,4256.1021
2018-01-31,0.004651,4275.8986
2018-02-01,-0.007016,4245.8978
2018-02-02,0.005967,4271.2326
2018-02-05,0.000682,4274.1464
2018-02-06,-0.029307,4148.8856
2018-02-07,-0.023714,4050.4972
2018-02-08,-0.009493,4012.0472
2018-02-09,-0.04272,3840.6527
2018-02-12,0.012876,3890.1046
2018-02-13,0.011702999999999998,3935.6324
2018-02-14,0.00796,3966.9614
2018-02-22,0.021622,4052.7332
2018-02-23,0.004529,4071.0889
2018-02-26,0.011626000000000001,4118.4186
2018-02-27,-0.014432,4058.9806
2018-02-28,-0.008706,4023.6415
2018-03-01,0.006324,4049.0863
2018-03-02,-0.008057,4016.461
2018-03-05,0.000407,4018.097
2018-03-06,0.012062,4066.5647
2018-03-07,-0.007355,4036.6536
2018-03-08,0.010144,4077.6001
2018-03-09,0.007668,4108.8652
2018-03-12,0.004576,4127.6662
2018-03-13,-0.008822,4091.2533
2018-03-14,-0.004377,4073.3447
2018-03-15,0.005602,4096.1627
2018-03-16,-0.009701999999999999,4056.4226
2018-03-19,0.004394,4074.2479
2018-03-20,0.000848,4077.7041
2018-03-21,-0.004084,4061.0502
2018-03-22,-0.010022,4020.349
2018-03-23,-0.028706999999999996,3904.9355
2018-03-26,-0.006412999999999999,3879.893
2018-03-27,0.008602,3913.2689
2018-03-28,-0.018029,3842.7155
2018-03-29,0.013359000000000001,3894.0498
2018-03-30,0.001142,3898.4977
2018-04-02,-0.00297,3886.9189
2018-04-03,-0.006288,3862.4796
2018-04-04,-0.001972,3854.8625
2018-04-09,-0.0005020000000000001,3852.9292
2018-04-10,0.019269,3927.1729
2018-04-11,0.0028439999999999997,3938.3434
2018-04-12,-0.010082,3898.6354
2018-04-13,-0.007050999999999999,3871.1443
2018-04-16,-0.016089,3808.863
2018-04-17,-0.015811,3748.6412
2018-04-18,0.004706,3766.282
2018-04-19,0.012097,3811.843
2018-04-20,-0.013375999999999999,3760.8543
2018-04-23,0.001455,3766.3257
2018-04-24,0.020488,3843.4886
2018-04-25,-0.0038469999999999997,3828.7015
2018-04-26,-0.019121,3755.4941
2018-04-27,0.000368,3756.8765
2018-05-02,0.001802,3763.6461
2018-05-03,0.007799,3793.0001
2018-05-04,-0.004852,3774.5981
2018-05-07,0.015787,3834.1877
2018-05-08,0.011603,3878.6767
2018-05-09,-0.0018210000000000001,3871.6152
2018-05-10,0.0055379999999999995,3893.0565
2018-05-11,-0.005193,3872.8383
2018-05-14,0.009413,3909.2933
2018-05-15,0.003787,3924.0975
2018-05-16,-0.007964,3892.8442
2018-05-17,-0.007397,3864.0507
2018-05-18,0.010096,3903.0637
2018-05-21,0.004657,3921.2421
2018-05-22,-0.003834,3906.2081
2018-05-23,-0.013216,3854.5825
2018-05-24,-0.007098999999999999,3827.217
2018-05-25,-0.002801,3816.498
2018-05-28,0.004392,3833.2599
2018-05-29,-0.007631,3804.0093
2018-05-30,-0.021198,3723.3724
2018-05-31,0.021218,3802.3759
2018-06-01,-0.00836,3770.5891
2018-06-04,0.00981,3807.5781
2018-06-05,0.009911,3845.3164
2018-06-06,-0.002071,3837.3511
2018-06-07,-0.001652,3831.0128
2018-06-08,-0.013415999999999999,3779.6159
2018-06-11,9.7e-05,3779.9818
2018-06-12,0.012162,3825.9534
2018-06-13,-0.009831,3788.3391
2018-06-14,-0.003953,3773.3655
2018-06-15,-0.005282,3753.4338
2018-06-19,-0.035252,3621.1166
2018-06-20,0.003957,3635.4436
2018-06-21,-0.011685000000000001,3592.965
2018-06-22,0.004436,3608.9046
2018-06-25,-0.013419,3560.4777
2018-06-26,-0.008248,3531.1112
2018-06-27,-0.020347,3459.2621
2018-06-28,-0.010331,3423.5255
2018-06-29,0.025546000000000003,3510.9845
2018-07-02,-0.029342,3407.9638
2018-07-03,0.000386,3409.2801
2018-07-04,-0.013356,3363.7473
2018-07-05,-0.0063349999999999995,3342.4379
2018-07-06,0.006787,3365.1227
2018-07-09,0.027951999999999998,3459.1837
2018-07-10,0.002409,3467.5155
2018-07-11,-0.017299,3407.5297
2018-07-12,0.021578,3481.0559
2018-07-13,0.003342,3492.6897
2018-07-16,-0.005899,3472.0859
2018-07-17,-0.006540000000000001,3449.3773
2018-07-18,-0.005234,3431.3227
2018-07-19,-0.0008680000000000001,3428.343
2018-07-20,0.018829,3492.8938
2018-07-23,0.009407,3525.7503
2018-07-24,0.01587,3581.7057
2018-07-25,-0.001104,3577.7522
2018-07-26,-0.011600999999999998,3536.2456
2018-07-27,-0.004247,3521.2269
2018-07-30,-0.0017460000000000002,3515.0794
2018-07-31,0.000733,3517.6568
2018-08-01,-0.019976,3447.3882
2018-08-02,-0.022170000000000002,3370.9579
2018-08-03,-0.016516,3315.2839
2018-08-06,-0.012672000000000001,3273.2728
2018-08-07,0.029205000000000002,3368.8695
2018-08-08,-0.016137,3314.5075
2018-08-09,0.025048,3397.5298
2018-08-10,0.0022040000000000002,3405.0191
2018-08-13,-0.00431,3390.3441
2018-08-14,-0.005141,3372.9137
2018-08-15,-0.023996,3291.976
2018-08-16,-0.004632,3276.7276
2018-08-17,-0.014376,3229.6198
2018-08-20,0.011652000000000001,3267.2498
2018-08-21,0.01818,3326.6489
2018-08-22,-0.005620000000000001,3307.9545
2018-08-23,0.003649,3320.0257
2018-08-24,0.001599,3325.3347
2018-08-27,0.02443,3406.5735
2018-08-28,-0.00188,3400.1705
2018-08-29,-0.003999,3386.5736
2018-08-30,-0.010476000000000001,3351.0942
2018-08-31,-0.004951,3334.5036
2018-09-03,-0.003802,3321.8248
2018-09-04,0.012666,3363.8984
2018-09-05,-0.019548,3298.1412
2018-09-06,-0.010690999999999999,3262.8808
2018-09-07,0.004525,3277.6438
2018-09-10,-0.014515,3230.0681
2018-09-11,-0.001813,3224.2116
2018-09-12,-0.006881000000000001,3202.0248
2018-09-13,0.010787,3236.5662
2018-09-14,0.001707,3242.0902
2018-09-17,-0.011464,3204.9224
2018-09-18,0.020128,3269.4319
2018-09-19,0.013168,3312.4823
2018-09-20,-0.0007109999999999999,3310.1258
2018-09-21,0.030319,3410.4856
2018-09-25,-0.008995999999999999,3379.8043
2018-09-26,0.011076999999999998,3417.2413
2018-09-27,-0.003995,3403.5902
2018-09-28,0.010364,3438.8649
2018-10-08,-0.043028000000000004,3290.8988
2018-10-09,-0.000671,3288.6906
2018-10-10,-0.002157,3281.5978
2018-10-11,-0.047990000000000005,3124.1139
2018-10-12,0.01492,3170.7262
2018-10-15,-0.013964,3126.4516
2018-10-16,-0.008149,3100.9738
2018-10-17,0.00557,3118.2463
2018-10-18,-0.023685,3044.3918
2018-10-19,0.029744000000000003,3134.9455
2018-10-22,0.043167,3270.2732
2018-10-23,-0.026557,3183.4257
2018-10-24,0.0015,3188.2018
2018-10-25,0.001915,3194.3084
2018-10-26,-0.006472,3173.635
2018-10-29,-0.030484,3076.8889
2018-10-30,0.010846,3110.2605
2018-10-31,0.014006000000000001,3153.8234
2018-11-01,0.007359,3177.0338
2018-11-02,0.035634,3290.2455
2018-11-05,-0.008331,3262.8351
2018-11-06,-0.006032999999999999,3243.1504
2018-11-07,-0.006549,3221.9101
2018-11-08,-0.002836,3212.7737
2018-11-09,-0.014109,3167.4442
2018-11-12,0.011901,3205.1407
2018-11-13,0.010059,3237.3823
2018-11-14,-0.01002,3204.9427
2018-11-15,0.011678,3242.3715
2018-11-16,0.004719,3257.6735
2018-11-19,0.011335999999999999,3294.6031
2018-11-20,-0.023126999999999998,3218.4076
2018-11-21,0.002512,3226.4918
2018-11-22,-0.003739,3214.4273
2018-11-23,-0.022073,3143.4752
2018-11-26,-0.0007099999999999999,3141.2434
2018-11-27,-0.0012740000000000002,3137.2413
2018-11-28,0.013289,3178.9326
2018-11-29,-0.012985,3137.6542
2018-11-30,0.011166,3172.69
2018-12-03,0.027818999999999997,3260.9502
2018-12-04,0.002073,3267.7095
2018-12-05,-0.004806,3252.0041
2018-12-06,-0.021627,3181.673
2018-12-07,-3.4e-05,3181.5646
2018-12-10,-0.011567000000000001,3144.7631
2018-12-11,0.0047870000000000005,3159.8158
2018-12-12,0.003416,3170.6092
2018-12-13,0.015481,3219.6924
2018-12-14,-0.016704,3165.9109
2018-12-17,-0.001489,3161.1966
2018-12-18,-0.010366,3128.4265
2018-12-19,-0.011923,3091.1255
2018-12-20,-0.00767,3067.4169
2018-12-21,-0.012395,3029.3951
2018-12-24,0.002906,3038.1981
2018-12-25,-0.006885,3017.2815
2018-12-26,-0.0050539999999999995,3002.0327
2018-12-27,-0.00384,2990.5057
2018-12-28,0.006737,3010.6536
2019-01-02,-0.013657999999999998,2969.5353
2019-01-03,-0.00158,2964.8421
2019-01-04,0.023958,3035.8741
2019-01-07,0.00607,3054.303
2019-01-08,-0.0021609999999999997,3047.7035
2019-01-09,0.010097,3078.4759
2019-01-10,-0.0018809999999999999,3072.6864
2019-01-11,0.007189999999999999,3094.7782
2019-01-14,-0.008722,3067.7845
2019-01-15,0.019625,3127.9904
2019-01-16,0.000211,3128.6517
2019-01-17,-0.005508999999999999,3111.4168
2019-01-18,0.018242,3168.1739
2019-01-21,0.005512,3185.6364
2019-01-22,-0.013284,3143.3171
2019-01-23,-0.0007199999999999999,3141.0532
2019-01-24,0.005644,3158.7817
2019-01-25,0.008132,3184.4696
2019-01-28,-0.00021700000000000002,3183.7777
2019-01-29,0.003201,3193.9698
2019-01-30,-0.007980000000000001,3168.4829
2019-01-31,0.010462,3201.6331
2019-02-01,0.014294,3247.3971
2019-02-11,0.018192,3306.4725
2019-02-12,0.007217,3330.3353
2019-02-13,0.020026000000000002,3397.0276
2019-02-14,0.001505,3402.1403
2019-02-15,-0.018646,3338.7047
2019-02-18,0.03206,3445.7448
2019-02-19,-0.001781,3439.6078
2019-02-20,0.003582,3451.9273
2019-02-21,-0.002671,3442.7056
2019-02-22,0.022486000000000003,3520.1182
2019-02-25,0.059477,3729.4831
2019-02-26,-0.01201,3684.6935
2019-02-27,-0.0017100000000000001,3678.3921
2019-02-28,-0.002453,3669.3703
2019-03-01,0.021896,3749.7143
2019-03-04,0.011838,3794.104
2019-03-05,0.005775,3816.0132
2019-03-06,0.008406,3848.0903
2019-03-07,-0.010197000000000001,3808.8497
2019-03-08,-0.039716,3657.579
2019-03-11,0.019788,3729.9546
2019-03-12,0.006808999999999999,3755.3519
2019-03-13,-0.008297,3724.1941
2019-03-14,-0.006903,3698.4858
2019-03-15,0.012578,3745.005
2019-03-18,0.028502999999999997,3851.7479
2019-03-19,-0.004617,3833.9626
2019-03-20,0.000385,3835.4397
2019-03-21,0.000378,3836.8913
2019-03-22,-0.000805,3833.8013
2019-03-25,-0.02373,3742.8252
2019-03-26,-0.011325,3700.4388
2019-03-27,0.011606,3743.3878
2019-03-28,-0.004005,3728.3953
2019-03-29,0.038607999999999996,3872.3412
2019-04-01,0.026234,3973.928
2019-04-02,-0.000665,3971.2852
2019-04-03,0.012809999999999998,4022.1566
2019-04-04,0.009963,4062.2309
2019-04-08,-0.001231,4057.2286
2019-04-09,0.004486,4075.4301
2019-04-10,0.002556,4085.847
2019-04-11,-0.021604,3997.5778
2019-04-12,-0.002242,3988.6168
2019-04-15,-0.0032819999999999998,3975.5244
2019-04-16,0.027736,4085.7891
2019-04-17,0.00035499999999999996,4087.2398
2019-04-18,-0.0037099999999999998,4072.0753
2019-04-19,0.011918,4120.6078
2019-04-22,-0.023054,4025.6109
2019-04-23,-0.0016409999999999999,4019.0053
2019-04-24,0.002758,4030.0887
2019-04-25,-0.021903000000000002,3941.816
2019-04-26,-0.013329,3889.2748
